ts	phase	decision	why	evidence	result
2026-09-06T17:55:38Z	ground	Start from the active usage contracts at 8b1b956	Archived P1-P5 designs are historical; this kickoff must follow U-M1 and KD decisions	docs/cadrage-courant.md; docs/archive/p1-p5-source.md	baseline verify_docs passes
2026-09-06T17:55:38Z	frame	Use user Profile Routing with Astra high for all arena roles	Explicit user routing overrides the skill default model lists	docs/kickoff/todo.md	requested profiles available
2026-09-06T17:59:11Z	frame	Bound kickoff to architecture and a generated-corpus prototype	Exercise identity, queue and stopped restart before expanding production scope	docs/kickoff/frame.md; docs/kickoff/grounding.md	arena ready
2026-09-06T18:01:16Z	reframe	Pause the local-first arena after the user made SQ and NAS-to-streamer transport the priority	The new requirement changes the architecture question before implementation begins	docs/kickoff/scope-addendum.md	A and B interrupted before selection; C not launched
2026-09-06T18:07:54Z	ground	Target a separate living-room renderer computer connected by USB to the existing DDC	The user wants to replace Aurender and explicitly chose a separate network streamer	docs/kickoff/scope-addendum.md; docs/kickoff/grounding.md	Linux renderer assumed; exact hardware revisions remain unknown
2026-09-06T18:14:58Z	research	Compare primary protocol specifications and existing renderer engines before the server language	The network, decoder, USB and conversion clock boundaries require separate evidence	docs/kickoff/research.md	research inputs complete; physical chain untested
2026-09-06T18:14:58Z	sketch	Run progressive pull, server-decoded PCM and verified renderer staging candidates	Different ownership choices expose tradeoffs hidden by a single design	docs/kickoff/frame.md	three GPT-6 Astra high candidates launched
2026-09-06T18:20:11Z	pick	Use A as the base with verified staging from C and proof controls from B	Central durability avoids distributed restoration; existing MPD avoids a new PCM protocol	docs/kickoff/synthesis.md	parent and independent Astra high judge agree on A
2026-09-06T18:20:11Z	language	Implement the first transport service and verification tool in Go	Standard HTTP range handling and hashing fit the bounded file service without renderer FFI	docs/kickoff/implementation-plan.md	provisional technical choice; no sound-quality claim
