id_fonction	plan	milestone	phase	scenario	disposition
F01-001	plans/installation-et-exploitation.md	M1	milestones/m01-mvp-local.md#m1-p01	validation.md#v-001	socle
F01-002	plans/installation-et-exploitation.md	M1	milestones/m01-mvp-local.md#m1-p01	validation.md#v-001	socle
F01-003	plans/installation-et-exploitation.md	M1	milestones/m01-mvp-local.md#m1-p01	validation.md#v-001	socle
F01-004	plans/installation-et-exploitation.md	M6	milestones/m06-desktop-et-distribution.md#m6-p01	validation.md#v-046	retenu_provisoire
F01-005	plans/installation-et-exploitation.md	M6	milestones/m06-desktop-et-distribution.md#m6-p02	validation.md#v-047	conditionnel
F01-006	plans/installation-et-exploitation.md	M1	milestones/m01-mvp-local.md#m1-p01	validation.md#v-001	socle
F01-007	plans/installation-et-exploitation.md	M6	milestones/m06-desktop-et-distribution.md#m6-p02	validation.md#v-047	retenu_provisoire
F01-008	plans/installation-et-exploitation.md	M6	milestones/m06-desktop-et-distribution.md#m6-p02	validation.md#v-047	retenu_provisoire
F02-001	plans/bibliotheque-et-metadonnees.md	M1	milestones/m01-mvp-local.md#m1-p02	validation.md#v-002	socle
F02-002	plans/bibliotheque-et-metadonnees.md	M1	milestones/m01-mvp-local.md#m1-p02	validation.md#v-002	socle
F02-003	plans/bibliotheque-et-metadonnees.md	M2	milestones/m02-bibliotheque-avancee.md#m2-p01	validation.md#v-021	retenu_provisoire
F02-004	plans/bibliotheque-et-metadonnees.md	M1	milestones/m01-mvp-local.md#m1-p02	validation.md#v-003	socle
F02-005	plans/bibliotheque-et-metadonnees.md	M1	milestones/m01-mvp-local.md#m1-p02	validation.md#v-003	socle
F02-006	plans/bibliotheque-et-metadonnees.md	M1	milestones/m01-mvp-local.md#m1-p02	validation.md#v-003	socle
F02-007	plans/bibliotheque-et-metadonnees.md	M1	milestones/m01-mvp-local.md#m1-p02	validation.md#v-003	socle
F02-008	plans/bibliotheque-et-metadonnees.md	M1	milestones/m01-mvp-local.md#m1-p02	validation.md#v-003	socle
F02-009	plans/bibliotheque-et-metadonnees.md	M1	milestones/m01-mvp-local.md#m1-p02	validation.md#v-004	socle
F02-010	plans/bibliotheque-et-metadonnees.md	M1	milestones/m01-mvp-local.md#m1-p02	validation.md#v-004	socle
F02-011	plans/bibliotheque-et-metadonnees.md	M1	milestones/m01-mvp-local.md#m1-p02	validation.md#v-004	socle
F02-012	plans/bibliotheque-et-metadonnees.md	M2	milestones/m02-bibliotheque-avancee.md#m2-p01	validation.md#v-021	retenu_provisoire
F02-013	plans/bibliotheque-et-metadonnees.md	M2	milestones/m02-bibliotheque-avancee.md#m2-p01	validation.md#v-021	retenu_provisoire
F02-014	plans/bibliotheque-et-metadonnees.md	M2	milestones/m02-bibliotheque-avancee.md#m2-p01	validation.md#v-021	retenu_provisoire
F02-015	plans/bibliotheque-et-metadonnees.md	M2	milestones/m02-bibliotheque-avancee.md#m2-p01	validation.md#v-021	retenu_provisoire
F02-016	plans/bibliotheque-et-metadonnees.md	M2	milestones/m02-bibliotheque-avancee.md#m2-p01	validation.md#v-021	proposition
F02-017	plans/bibliotheque-et-metadonnees.md	M3	milestones/m03-audio-audiophile.md#m3-p02	validation.md#v-031	retenu_provisoire
F02-018	plans/bibliotheque-et-metadonnees.md	M3	milestones/m03-audio-audiophile.md#m3-p02	validation.md#v-031	retenu_provisoire
F03-001	plans/bibliotheque-et-metadonnees.md	M1	milestones/m01-mvp-local.md#m1-p02	validation.md#v-004	socle
F03-002	plans/integrations-et-decouverte.md	M5	milestones/m05-decouverte-et-integrations.md#m5-p02	validation.md#v-041	conditionnel
F03-003	plans/bibliotheque-et-metadonnees.md	M2	milestones/m02-bibliotheque-avancee.md#m2-p01	validation.md#v-022	retenu_provisoire
F03-004	plans/bibliotheque-et-metadonnees.md	M2	milestones/m02-bibliotheque-avancee.md#m2-p01	validation.md#v-022	retenu_provisoire
F03-005	plans/bibliotheque-et-metadonnees.md	M2	milestones/m02-bibliotheque-avancee.md#m2-p01	validation.md#v-022	retenu_provisoire
F03-006	plans/bibliotheque-et-metadonnees.md	M2	milestones/m02-bibliotheque-avancee.md#m2-p02	validation.md#v-023	retenu_provisoire
F03-007	plans/bibliotheque-et-metadonnees.md	M2	milestones/m02-bibliotheque-avancee.md#m2-p02	validation.md#v-023	retenu_provisoire
F03-008	plans/bibliotheque-et-metadonnees.md	M2	milestones/m02-bibliotheque-avancee.md#m2-p02	validation.md#v-023	retenu_provisoire
F03-009	plans/bibliotheque-et-metadonnees.md	M2	milestones/m02-bibliotheque-avancee.md#m2-p02	validation.md#v-023	retenu_provisoire
F03-010	plans/bibliotheque-et-metadonnees.md	M2	milestones/m02-bibliotheque-avancee.md#m2-p01	validation.md#v-022	retenu_provisoire
F03-011	plans/bibliotheque-et-metadonnees.md	M2	milestones/m02-bibliotheque-avancee.md#m2-p01	validation.md#v-022	retenu_provisoire
F03-012	plans/bibliotheque-et-metadonnees.md	M2	milestones/m02-bibliotheque-avancee.md#m2-p02	validation.md#v-023	retenu_provisoire
F03-013	plans/bibliotheque-et-metadonnees.md	M2	milestones/m02-bibliotheque-avancee.md#m2-p02	validation.md#v-023	retenu_provisoire
F03-014	plans/bibliotheque-et-metadonnees.md	M2	milestones/m02-bibliotheque-avancee.md#m2-p02	validation.md#v-023	retenu_provisoire
F03-015	plans/bibliotheque-et-metadonnees.md	M2	milestones/m02-bibliotheque-avancee.md#m2-p02	validation.md#v-023	retenu_provisoire
F03-016	plans/bibliotheque-et-metadonnees.md	M2	milestones/m02-bibliotheque-avancee.md#m2-p02	validation.md#v-024	retenu_provisoire
F03-017	plans/bibliotheque-et-metadonnees.md	M2	milestones/m02-bibliotheque-avancee.md#m2-p02	validation.md#v-024	retenu_provisoire
F03-018	plans/bibliotheque-et-metadonnees.md	M2	milestones/m02-bibliotheque-avancee.md#m2-p02	validation.md#v-024	retenu_provisoire
F03-019	plans/bibliotheque-et-metadonnees.md	M2	milestones/m02-bibliotheque-avancee.md#m2-p02	validation.md#v-024	retenu_provisoire
F03-020	plans/bibliotheque-et-metadonnees.md	M2	milestones/m02-bibliotheque-avancee.md#m2-p02	validation.md#v-024	retenu_provisoire
F03-021	plans/bibliotheque-et-metadonnees.md	M2	milestones/m02-bibliotheque-avancee.md#m2-p02	validation.md#v-024	retenu_provisoire
F03-022	plans/bibliotheque-et-metadonnees.md	M2	milestones/m02-bibliotheque-avancee.md#m2-p02	validation.md#v-024	retenu_provisoire
F03-023	plans/bibliotheque-et-metadonnees.md	M2	milestones/m02-bibliotheque-avancee.md#m2-p02	validation.md#v-024	retenu_provisoire
F03-024	plans/client-ordinateur.md	M2	milestones/m02-bibliotheque-avancee.md#m2-p03	validation.md#v-025	retenu_provisoire
F04-001	plans/client-ordinateur.md	M1	milestones/m01-mvp-local.md#m1-p03	validation.md#v-005	socle
F04-002	plans/client-ordinateur.md	M1	milestones/m01-mvp-local.md#m1-p03	validation.md#v-005	socle
F04-003	plans/client-ordinateur.md	M1	milestones/m01-mvp-local.md#m1-p03	validation.md#v-005	socle
F04-004	plans/client-ordinateur.md	M1	milestones/m01-mvp-local.md#m1-p03	validation.md#v-005	socle
F04-005	plans/client-ordinateur.md	M1	milestones/m01-mvp-local.md#m1-p03	validation.md#v-005	socle
F04-006	plans/client-ordinateur.md	M1	milestones/m01-mvp-local.md#m1-p03	validation.md#v-005	socle
F04-007	plans/client-ordinateur.md	M2	milestones/m02-bibliotheque-avancee.md#m2-p03	validation.md#v-025	retenu_provisoire
F04-008	plans/client-ordinateur.md	M2	milestones/m02-bibliotheque-avancee.md#m2-p03	validation.md#v-025	retenu_provisoire
F04-009	plans/client-ordinateur.md	M2	milestones/m02-bibliotheque-avancee.md#m2-p03	validation.md#v-025	retenu_provisoire
F04-010	plans/client-ordinateur.md	M1	milestones/m01-mvp-local.md#m1-p03	validation.md#v-005	socle
F04-011	plans/client-ordinateur.md	M2	milestones/m02-bibliotheque-avancee.md#m2-p03	validation.md#v-025	retenu_provisoire
F04-012	plans/client-ordinateur.md	M2	milestones/m02-bibliotheque-avancee.md#m2-p03	validation.md#v-025	retenu_provisoire
F04-013	plans/client-ordinateur.md	M1	milestones/m01-mvp-local.md#m1-p03	validation.md#v-005	socle
F04-014	plans/client-ordinateur.md	M2	milestones/m02-bibliotheque-avancee.md#m2-p03	validation.md#v-025	retenu_provisoire
F04-015	plans/client-ordinateur.md	M1	milestones/m01-mvp-local.md#m1-p03	validation.md#v-005	proposition
F05-001	plans/bibliotheque-et-metadonnees.md	M1	milestones/m01-mvp-local.md#m1-p03	validation.md#v-006	socle
F05-002	plans/bibliotheque-et-metadonnees.md	M1	milestones/m01-mvp-local.md#m1-p03	validation.md#v-006	socle
F05-003	plans/bibliotheque-et-metadonnees.md	M1	milestones/m01-mvp-local.md#m1-p03	validation.md#v-006	socle
F05-004	plans/bibliotheque-et-metadonnees.md	M2	milestones/m02-bibliotheque-avancee.md#m2-p03	validation.md#v-026	retenu_provisoire
F05-005	plans/bibliotheque-et-metadonnees.md	M2	milestones/m02-bibliotheque-avancee.md#m2-p03	validation.md#v-026	retenu_provisoire
F05-006	plans/bibliotheque-et-metadonnees.md	M2	milestones/m02-bibliotheque-avancee.md#m2-p03	validation.md#v-026	retenu_provisoire
F05-007	plans/bibliotheque-et-metadonnees.md	M2	milestones/m02-bibliotheque-avancee.md#m2-p03	validation.md#v-026	retenu_provisoire
F05-008	plans/bibliotheque-et-metadonnees.md	M2	milestones/m02-bibliotheque-avancee.md#m2-p03	validation.md#v-026	retenu_provisoire
F05-009	plans/bibliotheque-et-metadonnees.md	M2	milestones/m02-bibliotheque-avancee.md#m2-p03	validation.md#v-026	retenu_provisoire
F05-010	plans/bibliotheque-et-metadonnees.md	M2	milestones/m02-bibliotheque-avancee.md#m2-p03	validation.md#v-027	retenu_provisoire
F05-011	plans/bibliotheque-et-metadonnees.md	M2	milestones/m02-bibliotheque-avancee.md#m2-p03	validation.md#v-027	retenu_provisoire
F05-012	plans/bibliotheque-et-metadonnees.md	M2	milestones/m02-bibliotheque-avancee.md#m2-p03	validation.md#v-027	retenu_provisoire
F05-013	plans/bibliotheque-et-metadonnees.md	M2	milestones/m02-bibliotheque-avancee.md#m2-p03	validation.md#v-027	retenu_provisoire
F05-014	plans/bibliotheque-et-metadonnees.md	M2	milestones/m02-bibliotheque-avancee.md#m2-p03	validation.md#v-027	retenu_provisoire
F05-015	plans/bibliotheque-et-metadonnees.md	M2	milestones/m02-bibliotheque-avancee.md#m2-p03	validation.md#v-027	retenu_provisoire
F05-016	plans/bibliotheque-et-metadonnees.md	M2	milestones/m02-bibliotheque-avancee.md#m2-p03	validation.md#v-027	retenu_provisoire
F05-017	plans/bibliotheque-et-metadonnees.md	M2	milestones/m02-bibliotheque-avancee.md#m2-p03	validation.md#v-027	retenu_provisoire
F05-018	plans/bibliotheque-et-metadonnees.md	M2	milestones/m02-bibliotheque-avancee.md#m2-p03	validation.md#v-027	retenu_provisoire
F05-019	plans/bibliotheque-et-metadonnees.md	M2	milestones/m02-bibliotheque-avancee.md#m2-p03	validation.md#v-027	retenu_provisoire
F05-020	plans/bibliotheque-et-metadonnees.md	M2	milestones/m02-bibliotheque-avancee.md#m2-p03	validation.md#v-027	retenu_provisoire
F05-021	plans/bibliotheque-et-metadonnees.md	M2	milestones/m02-bibliotheque-avancee.md#m2-p04	validation.md#v-028	retenu_provisoire
F05-022	plans/bibliotheque-et-metadonnees.md	M2	milestones/m02-bibliotheque-avancee.md#m2-p04	validation.md#v-028	retenu_provisoire
F05-023	plans/bibliotheque-et-metadonnees.md	M2	milestones/m02-bibliotheque-avancee.md#m2-p04	validation.md#v-028	retenu_provisoire
F06-001	plans/moteur-audio.md	M1	milestones/m01-mvp-local.md#m1-p01	validation.md#v-007	socle
F06-002	plans/moteur-audio.md	M1	milestones/m01-mvp-local.md#m1-p01	validation.md#v-007	socle
F06-003	plans/moteur-audio.md	M1	milestones/m01-mvp-local.md#m1-p03	validation.md#v-008	socle
F06-004	plans/moteur-audio.md	M1	milestones/m01-mvp-local.md#m1-p03	validation.md#v-008	socle
F06-005	plans/moteur-audio.md	M1	milestones/m01-mvp-local.md#m1-p03	validation.md#v-008	socle
F06-006	plans/moteur-audio.md	M1	milestones/m01-mvp-local.md#m1-p03	validation.md#v-008	socle
F06-007	plans/moteur-audio.md	M1	milestones/m01-mvp-local.md#m1-p03	validation.md#v-008	socle
F06-008	plans/moteur-audio.md	M1	milestones/m01-mvp-local.md#m1-p03	validation.md#v-008	socle
F06-009	plans/moteur-audio.md	M1	milestones/m01-mvp-local.md#m1-p03	validation.md#v-008	socle
F06-010	plans/moteur-audio.md	M1	milestones/m01-mvp-local.md#m1-p03	validation.md#v-008	socle
F06-011	plans/moteur-audio.md	M2	milestones/m02-bibliotheque-avancee.md#m2-p04	validation.md#v-028	retenu_provisoire
F06-012	plans/moteur-audio.md	M3	milestones/m03-audio-audiophile.md#m3-p03	validation.md#v-035	retenu_provisoire
F06-013	plans/moteur-audio.md	M1	milestones/m01-mvp-local.md#m1-p04	validation.md#v-011	socle
F06-014	plans/moteur-audio.md	M1	milestones/m01-mvp-local.md#m1-p03	validation.md#v-008	proposition
F07-001	plans/moteur-audio.md	M1	milestones/m01-mvp-local.md#m1-p01	validation.md#v-009	socle
F07-002	plans/moteur-audio.md	M1	milestones/m01-mvp-local.md#m1-p01	validation.md#v-009	socle
F07-003	plans/moteur-audio.md	M3	milestones/m03-audio-audiophile.md#m3-p01	validation.md#v-030	retenu_provisoire
F07-004	plans/moteur-audio.md	M3	milestones/m03-audio-audiophile.md#m3-p01	validation.md#v-030	retenu_provisoire
F07-005	plans/moteur-audio.md	M1	milestones/m01-mvp-local.md#m1-p04	validation.md#v-010	socle
F07-006	plans/moteur-audio.md	M3	milestones/m03-audio-audiophile.md#m3-p01	validation.md#v-030	retenu_provisoire
F07-007	plans/moteur-audio.md	M3	milestones/m03-audio-audiophile.md#m3-p01	validation.md#v-030	retenu_provisoire
F07-008	plans/moteur-audio.md	M3	milestones/m03-audio-audiophile.md#m3-p04	validation.md#v-033	retenu_provisoire
F07-009	plans/moteur-audio.md	M3	milestones/m03-audio-audiophile.md#m3-p01	validation.md#v-030	retenu_provisoire
F07-010	plans/moteur-audio.md	M3	milestones/m03-audio-audiophile.md#m3-p04	validation.md#v-033	retenu_provisoire
F07-011	plans/moteur-audio.md	M3	milestones/m03-audio-audiophile.md#m3-p01	validation.md#v-030	retenu_provisoire
F07-012	plans/moteur-audio.md	M3	milestones/m03-audio-audiophile.md#m3-p01	validation.md#v-030	retenu_provisoire
F07-013	plans/integrations-et-decouverte.md	M5	milestones/m05-decouverte-et-integrations.md#m5-p04	validation.md#v-045	conditionnel
F08-001	plans/moteur-audio.md	M3	milestones/m03-audio-audiophile.md#m3-p02	validation.md#v-031	retenu_provisoire
F08-002	plans/moteur-audio.md	M3	milestones/m03-audio-audiophile.md#m3-p02	validation.md#v-031	retenu_provisoire
F08-003	plans/moteur-audio.md	M3	milestones/m03-audio-audiophile.md#m3-p02	validation.md#v-031	retenu_provisoire
F08-004	plans/moteur-audio.md	M3	milestones/m03-audio-audiophile.md#m3-p02	validation.md#v-031	retenu_provisoire
F08-005	plans/moteur-audio.md	M3	milestones/m03-audio-audiophile.md#m3-p02	validation.md#v-031	retenu_provisoire
F08-006	plans/moteur-audio.md	M3	milestones/m03-audio-audiophile.md#m3-p03	validation.md#v-032	retenu_provisoire
F08-007	plans/moteur-audio.md	M3	milestones/m03-audio-audiophile.md#m3-p03	validation.md#v-032	retenu_provisoire
F08-008	plans/moteur-audio.md	M3	milestones/m03-audio-audiophile.md#m3-p03	validation.md#v-032	retenu_provisoire
F08-009	plans/moteur-audio.md	M3	milestones/m03-audio-audiophile.md#m3-p03	validation.md#v-032	retenu_provisoire
F08-010	plans/moteur-audio.md	M3	milestones/m03-audio-audiophile.md#m3-p04	validation.md#v-033	retenu_provisoire
F08-011	plans/moteur-audio.md	M3	milestones/m03-audio-audiophile.md#m3-p03	validation.md#v-032	retenu_provisoire
F08-012	plans/moteur-audio.md	M3	milestones/m03-audio-audiophile.md#m3-p03	validation.md#v-032	retenu_provisoire
F08-013	plans/moteur-audio.md	M3	milestones/m03-audio-audiophile.md#m3-p03	validation.md#v-032	retenu_provisoire
F08-014	plans/moteur-audio.md	M3	milestones/m03-audio-audiophile.md#m3-p03	validation.md#v-032	retenu_provisoire
F08-015	plans/moteur-audio.md	M3	milestones/m03-audio-audiophile.md#m3-p04	validation.md#v-034	retenu_provisoire
F08-016	plans/moteur-audio.md	M3	milestones/m03-audio-audiophile.md#m3-p04	validation.md#v-034	retenu_provisoire
F08-017	plans/moteur-audio.md	M3	milestones/m03-audio-audiophile.md#m3-p03	validation.md#v-032	retenu_provisoire
F08-018	plans/moteur-audio.md	M3	milestones/m03-audio-audiophile.md#m3-p02	validation.md#v-031	retenu_provisoire
F09-001	plans/reseau-et-zones.md	M4	milestones/m04-reseau-domestique.md#m4-p01	validation.md#v-036	retenu_provisoire
F09-002	plans/reseau-et-zones.md	M4	milestones/m04-reseau-domestique.md#m4-p02	validation.md#v-037	retenu_provisoire
F09-003	plans/reseau-et-zones.md	M4	milestones/m04-reseau-domestique.md#m4-p02	validation.md#v-037	retenu_provisoire
F09-004	plans/reseau-et-zones.md	M4	milestones/m04-reseau-domestique.md#m4-p03	validation.md#v-038	retenu_provisoire
F09-005	plans/reseau-et-zones.md	M4	milestones/m04-reseau-domestique.md#m4-p03	validation.md#v-038	retenu_provisoire
F09-006	plans/reseau-et-zones.md	M4	milestones/m04-reseau-domestique.md#m4-p01	validation.md#v-036	retenu_provisoire
F09-007	plans/reseau-et-zones.md	M4	milestones/m04-reseau-domestique.md#m4-p02	validation.md#v-037	retenu_provisoire
F09-008	plans/reseau-et-zones.md	M4	milestones/m04-reseau-domestique.md#m4-p04	validation.md#v-039	conditionnel
F09-009	plans/reseau-et-zones.md	M4	milestones/m04-reseau-domestique.md#m4-p04	validation.md#v-039	conditionnel
F09-010	plans/reseau-et-zones.md	M4	milestones/m04-reseau-domestique.md#m4-p04	validation.md#v-039	conditionnel
F09-011	plans/reseau-et-zones.md	M4	milestones/m04-reseau-domestique.md#m4-p04	validation.md#v-039	conditionnel
F09-012	plans/reseau-et-zones.md	M4	milestones/m04-reseau-domestique.md#m4-p02	validation.md#v-037	retenu_provisoire
F09-013	plans/reseau-et-zones.md	M4	milestones/m04-reseau-domestique.md#m4-p02	validation.md#v-037	retenu_provisoire
F09-014	plans/integrations-et-decouverte.md	M5	milestones/m05-decouverte-et-integrations.md#m5-p04	validation.md#v-045	conditionnel
F09-015	plans/reseau-et-zones.md	M4	milestones/m04-reseau-domestique.md#m4-p04	validation.md#v-039	conditionnel
F10-001	plans/integrations-et-decouverte.md	M5	milestones/m05-decouverte-et-integrations.md#m5-p02	validation.md#v-041	conditionnel
F10-002	plans/integrations-et-decouverte.md	M5	milestones/m05-decouverte-et-integrations.md#m5-p02	validation.md#v-041	conditionnel
F10-003	plans/integrations-et-decouverte.md	M5	milestones/m05-decouverte-et-integrations.md#m5-p02	validation.md#v-041	conditionnel
F10-004	plans/integrations-et-decouverte.md	M5	milestones/m05-decouverte-et-integrations.md#m5-p02	validation.md#v-041	conditionnel
F10-005	plans/integrations-et-decouverte.md	M5	milestones/m05-decouverte-et-integrations.md#m5-p03	validation.md#v-042	conditionnel
F10-006	plans/integrations-et-decouverte.md	M5	milestones/m05-decouverte-et-integrations.md#m5-p03	validation.md#v-042	conditionnel
F10-007	plans/integrations-et-decouverte.md	M5	milestones/m05-decouverte-et-integrations.md#m5-p03	validation.md#v-042	conditionnel
F10-008	plans/integrations-et-decouverte.md	M5	milestones/m05-decouverte-et-integrations.md#m5-p03	validation.md#v-042	conditionnel
F10-009	plans/integrations-et-decouverte.md	M5	milestones/m05-decouverte-et-integrations.md#m5-p03	validation.md#v-042	conditionnel
F10-010	plans/integrations-et-decouverte.md	M5	milestones/m05-decouverte-et-integrations.md#m5-p03	validation.md#v-042	conditionnel
F11-001	plans/integrations-et-decouverte.md	M5	milestones/m05-decouverte-et-integrations.md#m5-p04	validation.md#v-043	conditionnel
F11-002	plans/integrations-et-decouverte.md	M5	milestones/m05-decouverte-et-integrations.md#m5-p04	validation.md#v-043	conditionnel
F11-003	plans/integrations-et-decouverte.md	M5	milestones/m05-decouverte-et-integrations.md#m5-p04	validation.md#v-043	conditionnel
F11-004	plans/integrations-et-decouverte.md	M5	milestones/m05-decouverte-et-integrations.md#m5-p04	validation.md#v-043	conditionnel
F11-005	plans/integrations-et-decouverte.md	M5	milestones/m05-decouverte-et-integrations.md#m5-p04	validation.md#v-043	conditionnel
F11-006	plans/integrations-et-decouverte.md	M5	milestones/m05-decouverte-et-integrations.md#m5-p04	validation.md#v-043	conditionnel
F11-007	plans/integrations-et-decouverte.md	M5	milestones/m05-decouverte-et-integrations.md#m5-p04	validation.md#v-043	conditionnel
F11-008	plans/integrations-et-decouverte.md	M5	milestones/m05-decouverte-et-integrations.md#m5-p04	validation.md#v-044	conditionnel
F11-009	plans/integrations-et-decouverte.md	M5	milestones/m05-decouverte-et-integrations.md#m5-p04	validation.md#v-044	conditionnel
F11-010	plans/integrations-et-decouverte.md	M5	milestones/m05-decouverte-et-integrations.md#m5-p04	validation.md#v-044	conditionnel
F11-011	plans/integrations-et-decouverte.md	M5	milestones/m05-decouverte-et-integrations.md#m5-p04	validation.md#v-044	conditionnel
F11-012	plans/integrations-et-decouverte.md	M5	milestones/m05-decouverte-et-integrations.md#m5-p04	validation.md#v-044	conditionnel
F12-001	plans/installation-et-exploitation.md	M1	milestones/m01-mvp-local.md#m1-p05	validation.md#v-014	socle
F12-002	plans/installation-et-exploitation.md	M2	milestones/m02-bibliotheque-avancee.md#m2-p04	validation.md#v-029	retenu_provisoire
F12-003	plans/installation-et-exploitation.md	M1	milestones/m01-mvp-local.md#m1-p05	validation.md#v-014	socle
F12-004	plans/installation-et-exploitation.md	M1	milestones/m01-mvp-local.md#m1-p05	validation.md#v-018	socle
F12-005	plans/client-ordinateur.md	M1	milestones/m01-mvp-local.md#m1-p03	validation.md#v-015	socle
F12-006	plans/client-ordinateur.md	M2	milestones/m02-bibliotheque-avancee.md#m2-p03	validation.md#v-025	retenu_provisoire
F12-007	plans/client-ordinateur.md	M1	milestones/m01-mvp-local.md#m1-p03	validation.md#v-015	socle
F12-008	plans/installation-et-exploitation.md	M1	milestones/m01-mvp-local.md#m1-p04	validation.md#v-012	socle
F12-009	plans/installation-et-exploitation.md	M1	milestones/m01-mvp-local.md#m1-p06	validation.md#v-016	socle
F12-010	plans/client-ordinateur.md	M1	milestones/m01-mvp-local.md#m1-p03	validation.md#v-015	proposition
F12-011	plans/installation-et-exploitation.md	M1	milestones/m01-mvp-local.md#m1-p04	validation.md#v-012	proposition
F12-012	plans/client-ordinateur.md	M1	milestones/m01-mvp-local.md#m1-p03	validation.md#v-015	proposition
F12-013	plans/moteur-audio.md	M1	milestones/m01-mvp-local.md#m1-p04	validation.md#v-013	retenu_provisoire
F13-001	plans/installation-et-exploitation.md	M1	milestones/m01-mvp-local.md#m1-p06	validation.md#v-017	socle
F13-002	plans/installation-et-exploitation.md	M1	milestones/m01-mvp-local.md#m1-p05	validation.md#v-018	socle
F13-003	plans/bibliotheque-et-metadonnees.md	M1	milestones/m01-mvp-local.md#m1-p02	validation.md#v-003	socle
F13-004	plans/installation-et-exploitation.md	M1	milestones/m01-mvp-local.md#m1-p05	validation.md#v-018	proposition
F13-005	plans/reseau-et-zones.md	M4	milestones/m04-reseau-domestique.md#m4-p01	validation.md#v-036	proposition
F14-001	plans/installation-et-exploitation.md	M1	milestones/m01-mvp-local.md#m1-p01	validation.md#v-019	socle
F14-002	plans/installation-et-exploitation.md	M1	milestones/m01-mvp-local.md#m1-p06	validation.md#v-020	proposition
F14-003	plans/integrations-et-decouverte.md	M5	milestones/m05-decouverte-et-integrations.md#m5-p01	validation.md#v-040	conditionnel
F14-004	plans/installation-et-exploitation.md	M1	milestones/m01-mvp-local.md#m1-p01	validation.md#v-019	proposition
F15-001	plans/client-ordinateur.md	M7	milestones/m07-mobile.md#m7-p01	validation.md#v-048	reporte
F15-002	plans/client-ordinateur.md	M7	milestones/m07-mobile.md#m7-p02	validation.md#v-049	reporte
F15-003	plans/client-ordinateur.md	M7	milestones/m07-mobile.md#m7-p03	validation.md#v-050	reporte
